{"stat.craftItem.257":1,"stat.craftItem.292":2,"stat.useItem.18":214,"stat.useItem.17":160,"stat.craftItem.293":2,"stat.craftItem.256":4,"stat.craftItem.303":1,"stat.craftItem.304":1,"stat.useItem.13":33,"stat.craftItem.307":4,"achievement.openInventory":72,"stat.useItem.16":6,"stat.craftItem.308":1,"stat.useItem.15":8,"stat.jump":50,"achievement.exploreAllBiomes":{"value":0,"progress":["Plains"]},"stat.useItem.1":416,"stat.useItem.3":100,"stat.craftItem.297":12,"stat.useItem.4":79,"stat.useItem.5":129,"stat.useItem.54":3,"stat.useItem.56":3,"stat.useItem.383":14,"stat.useItem.50":11,"stat.useItem.52":1,"stat.useItem.12":236,"stat.damageDealt":865,"stat.killEntity.Villager":3,"stat.craftItem.310":2,"stat.useItem.102":18,"stat.craftItem.311":2,"stat.drop":6,"stat.craftItem.313":1,"stat.craftItem.267":2,"stat.craftItem.262":30,"stat.craftItem.357":10,"stat.useItem.279":4,"stat.walkOneCm":45801,"stat.useItem.276":6,"stat.craftItem.366":16,"stat.craftItem.320":12,"achievement.mineWood":5,"stat.useItem.324":3,"stat.useItem.323":2,"stat.craftItem.279":2,"stat.craftItem.278":2,"stat.craftItem.276":1,"stat.mobKills":4,"stat.craftItem.381":2,"stat.flyOneCm":201595,"stat.craftItem.388":4,"stat.useItem.351":27,"stat.useItem.61":1,"stat.useItem.67":86,"stat.craftItem.301":1,"stat.playOneMinute":76911}